,invoice_id,branch,city
0,750-67-8428,A,Yangon
1,226-31-3081,C,Naypyitaw
2,631-41-3108,A,Yangon
3,123-19-1176,A,Yangon
4,373-73-7910,A,Yangon
5,699-14-3026,C,Naypyitaw
6,355-53-5943,A,Yangon
7,315-22-5665,C,Naypyitaw
8,665-32-9167,A,Yangon
9,692-92-5582,B,Mandalay
10,351-62-0822,B,Mandalay
11,529-56-3974,B,Mandalay
12,365-64-0515,A,Yangon
13,252-56-2699,A,Yangon
14,829-34-3910,A,Yangon
15,299-46-1805,B,Mandalay
16,656-95-9349,A,Yangon
17,765-26-6951,A,Yangon
18,329-62-1586,A,Yangon
19,319-50-3348,B,Mandalay
20,300-71-4605,C,Naypyitaw
21,371-85-5789,B,Mandalay
22,273-16-6619,B,Mandalay
23,636-48-8204,A,Yangon
24,549-59-1358,A,Yangon
25,227-03-5010,A,Yangon
26,649-29-6775,B,Mandalay
27,189-17-4241,A,Yangon
28,145-94-9061,B,Mandalay
29,848-62-7243,A,Yangon
30,871-79-8483,B,Mandalay
31,149-71-6266,B,Mandalay
32,640-49-2076,B,Mandalay
33,595-11-5460,A,Yangon
34,183-56-6882,C,Naypyitaw
35,232-16-2483,C,Naypyitaw
36,129-29-8530,A,Yangon
37,272-65-1806,A,Yangon
38,333-73-7901,C,Naypyitaw
39,777-82-7220,B,Mandalay
40,280-35-5823,B,Mandalay
41,554-53-8700,C,Naypyitaw
42,354-25-5821,B,Mandalay
43,228-96-1411,C,Naypyitaw
44,617-15-4209,C,Naypyitaw
45,132-32-9879,B,Mandalay
46,370-41-7321,B,Mandalay
47,727-46-3608,B,Mandalay
48,669-54-1719,B,Mandalay
49,574-22-5561,C,Naypyitaw
50,326-78-5178,C,Naypyitaw
51,162-48-8011,A,Yangon
52,616-24-2851,B,Mandalay
53,778-71-5554,C,Naypyitaw
54,242-55-6721,B,Mandalay
55,399-46-5918,C,Naypyitaw
56,106-35-6779,A,Yangon
57,635-40-6220,A,Yangon
58,817-48-8732,A,Yangon
59,120-06-4233,C,Naypyitaw
60,285-68-5083,C,Naypyitaw
61,803-83-5989,C,Naypyitaw
62,347-34-2234,B,Mandalay
63,199-75-8169,A,Yangon
64,853-23-2453,B,Mandalay
65,877-22-3308,A,Yangon
66,838-78-4295,C,Naypyitaw
67,109-28-2512,B,Mandalay
68,232-11-3025,A,Yangon
69,382-03-4532,A,Yangon
70,393-65-2792,C,Naypyitaw
71,796-12-2025,C,Naypyitaw
72,510-95-6347,B,Mandalay
73,841-35-6630,C,Naypyitaw
74,287-21-9091,A,Yangon
75,732-94-0499,C,Naypyitaw
76,263-10-3913,C,Naypyitaw
77,381-20-0914,A,Yangon
78,829-49-1914,C,Naypyitaw
79,756-01-7507,C,Naypyitaw
80,870-72-4431,C,Naypyitaw
81,847-38-7188,B,Mandalay
82,480-63-2856,C,Naypyitaw
83,787-56-0757,C,Naypyitaw
84,360-39-5055,C,Naypyitaw
85,730-50-9884,C,Naypyitaw
86,362-58-8315,C,Naypyitaw
87,633-44-8566,A,Yangon
88,504-35-8843,A,Yangon
89,318-68-5053,B,Mandalay
90,565-80-5980,C,Naypyitaw
91,225-32-0908,C,Naypyitaw
92,873-51-0671,A,Yangon
93,152-08-9985,B,Mandalay
94,512-91-0811,C,Naypyitaw
95,594-34-4444,A,Yangon
96,766-85-7061,B,Mandalay
97,871-39-9221,C,Naypyitaw
98,865-92-6136,A,Yangon
99,733-01-9107,B,Mandalay
100,163-56-7055,C,Naypyitaw
101,189-98-2939,C,Naypyitaw
102,551-21-3069,C,Naypyitaw
103,212-62-1842,A,Yangon
104,716-39-1409,B,Mandalay
105,704-48-3927,A,Yangon
106,628-34-3388,C,Naypyitaw
107,630-74-5166,A,Yangon
108,588-01-7461,C,Naypyitaw
109,861-77-0145,C,Naypyitaw
110,479-26-8945,B,Mandalay
111,210-67-5886,C,Naypyitaw
112,227-78-1148,B,Mandalay
113,645-44-1170,A,Yangon
114,237-01-6122,C,Naypyitaw
115,225-98-1496,C,Naypyitaw
116,291-32-1427,B,Mandalay
117,659-65-8956,B,Mandalay
118,642-32-2990,A,Yangon
119,378-24-2715,B,Mandalay
120,638-60-7125,A,Yangon
121,659-36-1684,C,Naypyitaw
122,219-22-9386,B,Mandalay
123,336-78-2147,C,Naypyitaw
124,268-27-6179,B,Mandalay
125,668-90-8900,A,Yangon
126,870-54-3162,A,Yangon
127,189-08-9157,C,Naypyitaw
128,663-86-9076,C,Naypyitaw
129,549-84-7482,B,Mandalay
130,191-10-6171,B,Mandalay
131,802-70-5316,A,Yangon
132,695-51-0018,B,Mandalay
133,590-83-4591,B,Mandalay
134,483-71-1164,C,Naypyitaw
135,597-78-7908,C,Naypyitaw
136,700-81-1757,A,Yangon
137,354-39-5160,A,Yangon
138,241-72-9525,B,Mandalay
139,575-30-8091,A,Yangon
140,731-81-9469,C,Naypyitaw
141,280-17-4359,C,Naypyitaw
142,338-65-2210,C,Naypyitaw
143,488-25-4221,C,Naypyitaw
144,239-10-7476,A,Yangon
145,458-41-1477,C,Naypyitaw
146,685-64-1609,A,Yangon
147,568-90-5112,C,Naypyitaw
148,262-47-2794,B,Mandalay
149,238-49-0436,A,Yangon
150,608-96-3517,B,Mandalay
151,584-86-7256,C,Naypyitaw
152,746-94-0204,A,Yangon
153,214-17-6927,C,Naypyitaw
154,400-89-4171,C,Naypyitaw
155,782-95-9291,A,Yangon
156,279-74-2924,B,Mandalay
157,307-85-2293,B,Mandalay
158,743-04-1105,B,Mandalay
159,423-57-2993,B,Mandalay
160,894-41-5205,C,Naypyitaw
161,275-28-0149,A,Yangon
162,101-17-6199,A,Yangon
163,423-80-0988,C,Naypyitaw
164,548-46-9322,B,Mandalay
165,505-02-0892,B,Mandalay
166,234-65-2137,C,Naypyitaw
167,687-47-8271,A,Yangon
168,796-32-9050,A,Yangon
169,105-31-1824,A,Yangon
170,249-42-3782,A,Yangon
171,316-55-4634,B,Mandalay
172,733-33-4967,C,Naypyitaw
173,608-27-6295,B,Mandalay
174,414-12-7047,B,Mandalay
175,827-26-2100,A,Yangon
176,175-54-2529,A,Yangon
177,139-52-2867,C,Naypyitaw
178,407-63-8975,A,Yangon
179,342-65-4817,C,Naypyitaw
180,130-98-8941,C,Naypyitaw
181,434-83-9547,C,Naypyitaw
182,851-28-6367,A,Yangon
183,824-88-3614,C,Naypyitaw
184,586-25-0848,A,Yangon
185,895-66-0685,B,Mandalay
186,305-14-0245,B,Mandalay
187,732-04-5373,B,Mandalay
188,400-60-7251,A,Yangon
189,593-65-1552,C,Naypyitaw
190,284-34-9626,B,Mandalay
191,437-58-8131,B,Mandalay
192,286-43-6208,C,Naypyitaw
193,641-43-2399,B,Mandalay
194,831-07-6050,A,Yangon
195,556-86-3144,C,Naypyitaw
196,848-24-9445,C,Naypyitaw
197,856-22-8149,A,Yangon
198,699-01-4164,C,Naypyitaw
199,420-11-4919,C,Naypyitaw
200,606-80-4905,C,Naypyitaw
201,542-41-0513,B,Mandalay
202,426-39-2418,C,Naypyitaw
203,875-46-5808,B,Mandalay
204,394-43-4238,B,Mandalay
205,749-24-1565,A,Yangon
206,672-51-8681,C,Naypyitaw
207,263-87-5680,C,Naypyitaw
208,573-58-9734,B,Mandalay
209,817-69-8206,B,Mandalay
210,888-02-0338,A,Yangon
211,677-11-0152,C,Naypyitaw
212,142-63-6033,B,Mandalay
213,656-16-1063,B,Mandalay
214,891-58-8335,B,Mandalay
215,802-43-8934,A,Yangon
216,560-30-5617,B,Mandalay
217,319-74-2561,A,Yangon
218,549-03-9315,B,Mandalay
219,790-29-1172,B,Mandalay
220,239-36-3640,B,Mandalay
221,468-01-2051,B,Mandalay
222,389-25-3394,C,Naypyitaw
223,279-62-1445,C,Naypyitaw
224,213-72-6612,A,Yangon
225,746-68-6593,C,Naypyitaw
226,836-82-5858,B,Mandalay
227,583-72-1480,C,Naypyitaw
228,466-61-5506,B,Mandalay
229,721-86-6247,A,Yangon
230,289-65-5721,B,Mandalay
231,545-46-3100,B,Mandalay
232,418-02-5978,B,Mandalay
233,269-04-5750,B,Mandalay
234,157-13-5295,A,Yangon
235,645-78-8093,A,Yangon
236,211-30-9270,C,Naypyitaw
237,755-12-3214,C,Naypyitaw
238,346-84-3103,B,Mandalay
239,478-06-7835,A,Yangon
240,540-11-4336,A,Yangon
241,448-81-5016,A,Yangon
242,142-72-4741,C,Naypyitaw
243,217-58-1179,A,Yangon
244,376-02-8238,B,Mandalay
245,530-90-9855,A,Yangon
246,866-05-7563,B,Mandalay
247,604-70-6476,A,Yangon
248,799-71-1548,A,Yangon
249,785-13-7708,B,Mandalay
250,845-51-0542,B,Mandalay
251,662-47-5456,C,Naypyitaw
252,883-17-4236,C,Naypyitaw
253,290-68-2984,A,Yangon
254,704-11-6354,A,Yangon
255,110-48-7033,B,Mandalay
256,366-93-0948,A,Yangon
257,729-09-9681,A,Yangon
258,151-16-1484,A,Yangon
259,380-94-4661,C,Naypyitaw
260,850-41-9669,A,Yangon
261,821-07-3596,C,Naypyitaw
262,655-85-5130,B,Mandalay
263,447-15-7839,A,Yangon
264,154-74-7179,B,Mandalay
265,253-12-6086,A,Yangon
266,808-65-0703,C,Naypyitaw
267,571-94-0759,B,Mandalay
268,144-51-6085,A,Yangon
269,731-14-2199,A,Yangon
270,783-09-1637,B,Mandalay
271,687-15-1097,C,Naypyitaw
272,126-54-1082,A,Yangon
273,633-91-1052,A,Yangon
274,477-24-6490,B,Mandalay
275,566-19-5475,B,Mandalay
276,526-86-8552,C,Naypyitaw
277,376-56-3573,C,Naypyitaw
278,537-72-0426,C,Naypyitaw
279,828-61-5674,A,Yangon
280,136-08-6195,A,Yangon
281,523-38-0215,C,Naypyitaw
282,490-29-1201,A,Yangon
283,667-92-0055,A,Yangon
284,565-17-3836,A,Yangon
285,498-41-1961,B,Mandalay
286,593-95-4461,C,Naypyitaw
287,226-71-3580,C,Naypyitaw
288,283-79-9594,B,Mandalay
289,430-60-3493,A,Yangon
290,139-20-0155,B,Mandalay
291,558-80-4082,C,Naypyitaw
292,278-97-7759,A,Yangon
293,316-68-6352,A,Yangon
294,585-03-5943,B,Mandalay
295,211-05-0490,C,Naypyitaw
296,727-75-6477,C,Naypyitaw
297,744-02-5987,A,Yangon
298,307-83-9164,A,Yangon
299,779-06-0012,C,Naypyitaw
300,446-47-6729,C,Naypyitaw
301,573-10-3877,B,Mandalay
302,735-06-4124,C,Naypyitaw
303,439-54-7422,A,Yangon
304,396-90-2219,B,Mandalay
305,411-77-0180,A,Yangon
306,286-01-5402,A,Yangon
307,803-17-8013,A,Yangon
308,512-98-1403,A,Yangon
309,848-42-2560,A,Yangon
310,532-59-7201,B,Mandalay
311,181-94-6432,C,Naypyitaw
312,870-76-1733,A,Yangon
313,423-64-4619,A,Yangon
314,227-07-4446,C,Naypyitaw
315,174-36-3675,C,Naypyitaw
316,428-83-5800,C,Naypyitaw
317,603-07-0961,C,Naypyitaw
318,704-20-4138,C,Naypyitaw
319,787-15-1757,C,Naypyitaw
320,649-11-3678,C,Naypyitaw
321,622-20-1945,C,Naypyitaw
322,372-94-8041,A,Yangon
323,563-91-7120,A,Yangon
324,746-54-5508,A,Yangon
325,276-54-0879,B,Mandalay
326,815-11-1168,A,Yangon
327,719-76-3868,C,Naypyitaw
328,730-61-8757,B,Mandalay
329,340-66-0321,A,Yangon
330,868-81-1752,B,Mandalay
331,634-97-8956,A,Yangon
332,566-71-1091,A,Yangon
333,442-48-3607,A,Yangon
334,835-16-0096,C,Naypyitaw
335,527-09-6272,A,Yangon
336,898-04-2717,A,Yangon
337,692-27-8933,B,Mandalay
338,633-09-3463,C,Naypyitaw
339,374-17-3652,B,Mandalay
340,378-07-7001,B,Mandalay
341,433-75-6987,B,Mandalay
342,873-95-4984,B,Mandalay
343,416-13-5917,C,Naypyitaw
344,150-89-8043,A,Yangon
345,135-84-8019,A,Yangon
346,441-94-7118,A,Yangon
347,725-96-3778,C,Naypyitaw
348,531-80-1784,A,Yangon
349,400-45-1220,B,Mandalay
350,860-79-0874,C,Naypyitaw
351,834-61-8124,A,Yangon
352,115-99-4379,B,Mandalay
353,565-67-6697,B,Mandalay
354,320-49-6392,C,Naypyitaw
355,889-04-9723,B,Mandalay
356,632-90-0281,C,Naypyitaw
357,554-42-2417,C,Naypyitaw
358,453-63-6187,B,Mandalay
359,578-80-7669,B,Mandalay
360,612-36-5536,A,Yangon
361,605-72-4132,C,Naypyitaw
362,471-41-2823,C,Naypyitaw
363,462-67-9126,A,Yangon
364,272-27-9238,C,Naypyitaw
365,834-25-9262,C,Naypyitaw
366,122-61-9553,C,Naypyitaw
367,468-88-0009,A,Yangon
368,613-59-9758,C,Naypyitaw
369,254-31-0042,A,Yangon
370,201-86-2184,B,Mandalay
371,261-12-8671,B,Mandalay
372,730-70-9830,C,Naypyitaw
373,382-25-8917,C,Naypyitaw
374,422-29-8786,A,Yangon
375,667-23-5919,A,Yangon
376,843-01-4703,B,Mandalay
377,743-88-1662,C,Naypyitaw
378,595-86-2894,C,Naypyitaw
379,182-69-8360,B,Mandalay
380,289-15-7034,A,Yangon
381,462-78-5240,C,Naypyitaw
382,868-52-7573,B,Mandalay
383,153-58-4872,C,Naypyitaw
384,662-72-2873,A,Yangon
385,525-88-7307,B,Mandalay
386,689-16-9784,C,Naypyitaw
387,725-56-0833,A,Yangon
388,394-41-0748,C,Naypyitaw
389,596-42-3999,B,Mandalay
390,541-89-9860,C,Naypyitaw
391,173-82-9529,B,Mandalay
392,563-36-9814,A,Yangon
393,308-47-4913,A,Yangon
394,885-17-6250,A,Yangon
395,726-27-2396,A,Yangon
396,316-01-3952,A,Yangon
397,760-54-1821,B,Mandalay
398,793-10-3222,B,Mandalay
399,346-12-3257,B,Mandalay
400,110-05-6330,C,Naypyitaw
401,651-61-0874,C,Naypyitaw
402,236-86-3015,C,Naypyitaw
403,831-64-0259,B,Mandalay
404,587-03-7455,C,Naypyitaw
405,882-40-4577,A,Yangon
406,732-67-5346,A,Yangon
407,725-32-9708,B,Mandalay
408,256-08-8343,A,Yangon
409,372-26-1506,C,Naypyitaw
410,244-08-0162,B,Mandalay
411,569-71-4390,B,Mandalay
412,132-23-6451,A,Yangon
413,696-90-2548,A,Yangon
414,472-15-9636,A,Yangon
415,268-03-6164,B,Mandalay
416,750-57-9686,C,Naypyitaw
417,186-09-3669,C,Naypyitaw
418,848-07-1692,B,Mandalay
419,745-71-3520,A,Yangon
420,266-76-6436,C,Naypyitaw
421,740-22-2500,C,Naypyitaw
422,271-88-8734,C,Naypyitaw
423,301-81-8610,B,Mandalay
424,489-64-4354,C,Naypyitaw
425,198-84-7132,B,Mandalay
426,269-10-8440,A,Yangon
427,650-98-6268,B,Mandalay
428,741-73-3559,B,Mandalay
429,325-77-6186,A,Yangon
430,286-75-7818,B,Mandalay
431,574-57-9721,C,Naypyitaw
432,459-50-7686,A,Yangon
433,616-87-0016,B,Mandalay
434,837-55-7229,B,Mandalay
435,751-69-0068,C,Naypyitaw
436,257-73-1380,C,Naypyitaw
437,345-08-4992,A,Yangon
438,549-96-4200,C,Naypyitaw
439,810-60-6344,C,Naypyitaw
440,450-28-2866,C,Naypyitaw
441,394-30-3170,B,Mandalay
442,138-17-5109,A,Yangon
443,192-98-7397,C,Naypyitaw
444,301-11-9629,A,Yangon
445,390-80-5128,B,Mandalay
446,235-46-8343,C,Naypyitaw
447,453-12-7053,C,Naypyitaw
448,296-11-7041,B,Mandalay
449,449-27-2918,B,Mandalay
450,891-01-7034,B,Mandalay
451,744-09-5786,B,Mandalay
452,727-17-0390,A,Yangon
453,568-88-3448,A,Yangon
454,187-83-5490,A,Yangon
455,767-54-1907,B,Mandalay
456,710-46-4433,B,Mandalay
457,533-33-5337,B,Mandalay
458,325-90-8763,C,Naypyitaw
459,729-46-7422,C,Naypyitaw
460,639-76-1242,C,Naypyitaw
461,234-03-4040,B,Mandalay
462,326-71-2155,C,Naypyitaw
463,320-32-8842,C,Naypyitaw
464,470-32-9057,A,Yangon
465,878-30-2331,C,Naypyitaw
466,440-59-5691,C,Naypyitaw
467,554-53-3790,B,Mandalay
468,746-19-0921,C,Naypyitaw
469,233-34-0817,C,Naypyitaw
470,767-05-1286,C,Naypyitaw
471,340-21-9136,A,Yangon
472,405-31-3305,A,Yangon
473,731-59-7531,B,Mandalay
474,676-39-6028,A,Yangon
475,502-05-1910,A,Yangon
476,485-30-8700,A,Yangon
477,598-47-9715,C,Naypyitaw
478,701-69-8742,B,Mandalay
479,575-67-1508,A,Yangon
480,541-08-3113,C,Naypyitaw
481,246-11-3901,C,Naypyitaw
482,674-15-9296,A,Yangon
483,305-18-3552,B,Mandalay
484,493-65-6248,C,Naypyitaw
485,438-01-4015,B,Mandalay
486,709-58-4068,B,Mandalay
487,795-49-7276,A,Yangon
488,556-72-8512,C,Naypyitaw
489,627-95-3243,B,Mandalay
490,686-41-0932,B,Mandalay
491,510-09-5628,A,Yangon
492,608-04-3797,B,Mandalay
493,148-82-2527,C,Naypyitaw
494,437-53-3084,B,Mandalay
495,632-32-4574,B,Mandalay
496,556-97-7101,C,Naypyitaw
497,862-59-8517,C,Naypyitaw
498,401-18-8016,B,Mandalay
499,420-18-8989,A,Yangon
500,277-63-2961,B,Mandalay
501,573-98-8548,C,Naypyitaw
502,620-02-2046,C,Naypyitaw
503,282-35-2475,B,Mandalay
504,511-54-3087,B,Mandalay
505,726-29-6793,A,Yangon
506,387-49-4215,B,Mandalay
507,862-17-9201,B,Mandalay
508,291-21-5991,B,Mandalay
509,602-80-9671,C,Naypyitaw
510,347-72-6115,B,Mandalay
511,209-61-0206,A,Yangon
512,595-27-4851,A,Yangon
513,189-52-0236,A,Yangon
514,503-07-0930,C,Naypyitaw
515,413-20-6708,C,Naypyitaw
516,425-85-2085,B,Mandalay
517,521-18-7827,C,Naypyitaw
518,220-28-1851,A,Yangon
519,600-38-9738,C,Naypyitaw
520,734-91-1155,B,Mandalay
521,451-28-5717,C,Naypyitaw
522,609-81-8548,A,Yangon
523,133-14-7229,C,Naypyitaw
524,534-01-4457,A,Yangon
525,719-89-8991,A,Yangon
526,286-62-6248,B,Mandalay
527,339-38-9982,B,Mandalay
528,827-44-5872,B,Mandalay
529,827-77-7633,A,Yangon
530,287-83-1405,A,Yangon
531,435-13-4908,A,Yangon
532,857-67-9057,B,Mandalay
533,236-27-1144,C,Naypyitaw
534,892-05-6689,A,Yangon
535,583-41-4548,C,Naypyitaw
536,339-12-4827,B,Mandalay
537,643-38-7867,A,Yangon
538,308-81-0538,A,Yangon
539,358-88-9262,C,Naypyitaw
540,460-35-4390,A,Yangon
541,343-87-0864,C,Naypyitaw
542,173-50-1108,B,Mandalay
543,243-47-2663,C,Naypyitaw
544,841-18-8232,B,Mandalay
545,701-23-5550,B,Mandalay
546,647-50-1224,A,Yangon
547,541-48-8554,A,Yangon
548,539-21-7227,B,Mandalay
549,213-32-1216,A,Yangon
550,747-58-7183,B,Mandalay
551,582-52-8065,B,Mandalay
552,210-57-1719,B,Mandalay
553,399-69-4630,C,Naypyitaw
554,134-75-2619,A,Yangon
555,356-44-8813,B,Mandalay
556,198-66-9832,B,Mandalay
557,283-26-5248,C,Naypyitaw
558,712-39-0363,A,Yangon
559,218-59-9410,A,Yangon
560,174-75-0888,B,Mandalay
561,866-99-7614,C,Naypyitaw
562,134-54-4720,B,Mandalay
563,760-90-2357,A,Yangon
564,514-37-2845,B,Mandalay
565,698-98-5964,A,Yangon
566,718-57-9773,C,Naypyitaw
567,651-88-7328,A,Yangon
568,241-11-2261,B,Mandalay
569,408-26-9866,C,Naypyitaw
570,834-83-1826,B,Mandalay
571,343-61-3544,B,Mandalay
572,239-48-4278,A,Yangon
573,355-34-6244,B,Mandalay
574,550-84-8664,A,Yangon
575,339-96-8318,B,Mandalay
576,458-61-0011,B,Mandalay
577,592-34-6155,C,Naypyitaw
578,797-88-0493,A,Yangon
579,207-73-1363,B,Mandalay
580,390-31-6381,C,Naypyitaw
581,443-82-0585,A,Yangon
582,339-18-7061,C,Naypyitaw
583,359-90-3665,B,Mandalay
584,375-72-3056,B,Mandalay
585,127-47-6963,A,Yangon
586,278-86-2735,A,Yangon
587,695-28-6250,A,Yangon
588,379-17-6588,C,Naypyitaw
589,227-50-3718,A,Yangon
590,302-15-2162,C,Naypyitaw
591,788-07-8452,C,Naypyitaw
592,560-49-6611,A,Yangon
593,880-35-0356,A,Yangon
594,585-11-6748,B,Mandalay
595,470-31-3286,B,Mandalay
596,152-68-2907,A,Yangon
597,123-35-4896,C,Naypyitaw
598,258-69-7810,C,Naypyitaw
599,334-64-2006,A,Yangon
600,219-61-4139,C,Naypyitaw
601,881-41-7302,C,Naypyitaw
602,373-09-4567,C,Naypyitaw
603,642-30-6693,B,Mandalay
604,484-22-8230,C,Naypyitaw
605,830-58-2383,B,Mandalay
606,559-98-9873,A,Yangon
607,544-32-5024,C,Naypyitaw
608,318-12-0304,A,Yangon
609,349-97-8902,B,Mandalay
610,421-95-9805,A,Yangon
611,277-35-5865,C,Naypyitaw
612,789-23-8625,B,Mandalay
613,284-54-4231,C,Naypyitaw
614,443-59-0061,A,Yangon
615,509-29-3912,A,Yangon
616,327-40-9673,B,Mandalay
617,840-19-2096,C,Naypyitaw
618,828-46-6863,A,Yangon
619,641-96-3695,C,Naypyitaw
620,420-97-3340,A,Yangon
621,436-54-4512,A,Yangon
622,670-79-6321,B,Mandalay
623,852-62-7105,B,Mandalay
624,598-06-7312,B,Mandalay
625,135-13-8269,B,Mandalay
626,816-57-2053,A,Yangon
627,628-90-8624,B,Mandalay
628,856-66-2701,A,Yangon
629,308-39-1707,A,Yangon
630,149-61-1929,A,Yangon
631,655-07-2265,A,Yangon
632,589-02-8023,A,Yangon
633,420-04-7590,B,Mandalay
634,182-88-2763,B,Mandalay
635,188-55-0967,B,Mandalay
636,610-46-4100,A,Yangon
637,318-81-2368,C,Naypyitaw
638,364-33-8584,B,Mandalay
639,665-63-9737,B,Mandalay
640,695-09-5146,B,Mandalay
641,155-45-3814,C,Naypyitaw
642,794-32-2436,B,Mandalay
643,131-15-8856,C,Naypyitaw
644,273-84-2164,C,Naypyitaw
645,706-36-6154,A,Yangon
646,778-89-7974,C,Naypyitaw
647,574-31-8277,B,Mandalay
648,859-71-0933,C,Naypyitaw
649,740-11-5257,C,Naypyitaw
650,369-82-2676,B,Mandalay
651,563-47-4072,B,Mandalay
652,742-04-5161,A,Yangon
653,149-15-7606,B,Mandalay
654,133-77-3154,B,Mandalay
655,169-52-4504,A,Yangon
656,250-81-7186,C,Naypyitaw
657,562-12-5430,A,Yangon
658,816-72-8853,A,Yangon
659,491-38-3499,A,Yangon
660,322-02-2271,B,Mandalay
661,842-29-4695,C,Naypyitaw
662,725-67-2480,B,Mandalay
663,641-51-2661,C,Naypyitaw
664,714-02-3114,C,Naypyitaw
665,518-17-2983,A,Yangon
666,779-42-2410,B,Mandalay
667,190-14-3147,B,Mandalay
668,408-66-6712,C,Naypyitaw
669,679-22-6530,B,Mandalay
670,588-47-8641,A,Yangon
671,642-61-4706,B,Mandalay
672,576-31-4774,B,Mandalay
673,556-41-6224,C,Naypyitaw
674,811-03-8790,A,Yangon
675,242-11-3142,B,Mandalay
676,752-23-3760,B,Mandalay
677,274-05-5470,A,Yangon
678,648-94-3045,C,Naypyitaw
679,130-67-4723,A,Yangon
680,528-87-5606,B,Mandalay
681,320-85-2052,B,Mandalay
682,370-96-0655,C,Naypyitaw
683,105-10-6182,A,Yangon
684,510-79-0415,B,Mandalay
685,241-96-5076,B,Mandalay
686,767-97-4650,B,Mandalay
687,648-83-1321,A,Yangon
688,173-57-2300,C,Naypyitaw
689,305-03-2383,A,Yangon
690,394-55-6384,C,Naypyitaw
691,266-20-6657,C,Naypyitaw
692,689-05-1884,A,Yangon
693,196-01-2849,C,Naypyitaw
694,372-62-5264,C,Naypyitaw
695,800-09-8606,A,Yangon
696,182-52-7000,A,Yangon
697,826-58-8051,B,Mandalay
698,868-06-0466,A,Yangon
699,751-41-9720,C,Naypyitaw
700,626-43-7888,C,Naypyitaw
701,176-64-7711,B,Mandalay
702,191-29-0321,B,Mandalay
703,729-06-2010,B,Mandalay
704,640-48-5028,B,Mandalay
705,186-79-9562,B,Mandalay
706,834-45-5519,B,Mandalay
707,162-65-8559,C,Naypyitaw
708,760-27-5490,C,Naypyitaw
709,445-30-9252,A,Yangon
710,786-94-2700,A,Yangon
711,728-88-7867,C,Naypyitaw
712,183-21-3799,C,Naypyitaw
713,268-20-3585,C,Naypyitaw
714,735-32-9839,C,Naypyitaw
715,258-92-7466,A,Yangon
716,857-16-3520,A,Yangon
717,482-17-1179,A,Yangon
718,788-21-5741,A,Yangon
719,821-14-9046,B,Mandalay
720,418-05-0656,B,Mandalay
721,678-79-0726,C,Naypyitaw
722,776-68-1096,B,Mandalay
723,592-46-1692,C,Naypyitaw
724,434-35-9162,B,Mandalay
725,149-14-0304,C,Naypyitaw
726,442-44-6497,C,Naypyitaw
727,174-64-0215,B,Mandalay
728,210-74-9613,C,Naypyitaw
729,299-29-0180,B,Mandalay
730,247-11-2470,A,Yangon
731,635-28-5728,A,Yangon
732,756-49-0168,A,Yangon
733,438-23-1242,B,Mandalay
734,238-45-6950,B,Mandalay
735,607-65-2441,C,Naypyitaw
736,386-27-7606,C,Naypyitaw
737,137-63-5492,C,Naypyitaw
738,197-77-7132,B,Mandalay
739,805-86-0265,A,Yangon
740,733-29-1227,C,Naypyitaw
741,451-73-2711,C,Naypyitaw
742,373-14-0504,A,Yangon
743,546-80-2899,A,Yangon
744,345-68-9016,C,Naypyitaw
745,390-17-5806,C,Naypyitaw
746,457-13-1708,B,Mandalay
747,664-14-2882,C,Naypyitaw
748,487-79-6868,B,Mandalay
749,314-23-4520,C,Naypyitaw
750,210-30-7976,B,Mandalay
751,585-86-8361,A,Yangon
752,807-14-7833,A,Yangon
753,775-72-1988,B,Mandalay
754,288-38-3758,C,Naypyitaw
755,652-43-6591,A,Yangon
756,785-96-0615,B,Mandalay
757,406-46-7107,A,Yangon
758,250-17-5703,A,Yangon
759,156-95-3964,A,Yangon
760,842-40-8179,B,Mandalay
761,525-09-8450,B,Mandalay
762,410-67-1709,A,Yangon
763,587-73-4862,A,Yangon
764,787-87-2010,A,Yangon
765,593-14-4239,B,Mandalay
766,801-88-0346,C,Naypyitaw
767,388-76-2555,B,Mandalay
768,711-31-1234,B,Mandalay
769,886-54-6089,A,Yangon
770,707-32-7409,B,Mandalay
771,759-98-4285,C,Naypyitaw
772,201-63-8275,C,Naypyitaw
773,471-06-8611,C,Naypyitaw
774,200-16-5952,C,Naypyitaw
775,120-54-2248,B,Mandalay
776,102-77-2261,C,Naypyitaw
777,875-31-8302,B,Mandalay
778,102-06-2002,C,Naypyitaw
779,457-94-0464,B,Mandalay
780,629-42-4133,C,Naypyitaw
781,534-53-3526,A,Yangon
782,307-04-2070,A,Yangon
783,468-99-7231,C,Naypyitaw
784,516-77-6464,C,Naypyitaw
785,404-91-5964,A,Yangon
786,886-77-9084,C,Naypyitaw
787,790-38-4466,C,Naypyitaw
788,704-10-4056,C,Naypyitaw
789,497-37-6538,A,Yangon
790,651-96-5970,A,Yangon
791,400-80-4065,C,Naypyitaw
792,744-16-7898,B,Mandalay
793,263-12-5321,A,Yangon
794,702-72-0487,A,Yangon
795,605-83-1050,B,Mandalay
796,443-60-9639,C,Naypyitaw
797,864-24-7918,A,Yangon
798,359-94-5395,B,Mandalay
799,401-09-4232,C,Naypyitaw
800,751-15-6198,B,Mandalay
801,324-41-6833,C,Naypyitaw
802,474-33-8305,C,Naypyitaw
803,759-29-9521,A,Yangon
804,831-81-6575,B,Mandalay
805,220-68-6701,A,Yangon
806,618-34-8551,A,Yangon
807,257-60-7754,A,Yangon
808,559-61-5987,B,Mandalay
809,189-55-2313,C,Naypyitaw
810,565-91-4567,B,Mandalay
811,380-60-5336,A,Yangon
812,815-04-6282,C,Naypyitaw
813,674-56-6360,A,Yangon
814,778-34-2523,A,Yangon
815,499-27-7781,B,Mandalay
816,477-59-2456,C,Naypyitaw
817,832-51-6761,A,Yangon
818,869-11-3082,B,Mandalay
819,190-59-3964,B,Mandalay
820,366-43-6862,B,Mandalay
821,186-43-8965,A,Yangon
822,784-21-9238,C,Naypyitaw
823,276-75-6884,A,Yangon
824,109-86-4363,B,Mandalay
825,569-76-2760,A,Yangon
826,222-42-0244,B,Mandalay
827,760-53-9233,A,Yangon
828,538-22-0304,C,Naypyitaw
829,416-17-9926,A,Yangon
830,237-44-6163,A,Yangon
831,636-17-0325,B,Mandalay
832,343-75-9322,B,Mandalay
833,528-14-9470,A,Yangon
834,427-45-9297,B,Mandalay
835,807-34-3742,A,Yangon
836,288-62-1085,A,Yangon
837,670-71-7306,B,Mandalay
838,660-29-7083,C,Naypyitaw
839,271-77-8740,C,Naypyitaw
840,497-36-0989,A,Yangon
841,291-59-1384,B,Mandalay
842,860-73-6466,A,Yangon
843,549-23-9016,C,Naypyitaw
844,896-34-0956,A,Yangon
845,804-38-3935,A,Yangon
846,585-90-0249,A,Yangon
847,862-29-5914,C,Naypyitaw
848,845-94-6841,C,Naypyitaw
849,125-45-2293,A,Yangon
850,843-73-4724,A,Yangon
851,409-33-9708,A,Yangon
852,658-66-3967,C,Naypyitaw
853,866-70-2814,B,Mandalay
854,160-22-2687,A,Yangon
855,895-03-6665,B,Mandalay
856,770-42-8960,B,Mandalay
857,748-45-2862,A,Yangon
858,234-36-2483,B,Mandalay
859,316-66-3011,A,Yangon
860,848-95-6252,C,Naypyitaw
861,840-76-5966,A,Yangon
862,152-03-4217,B,Mandalay
863,533-66-5566,B,Mandalay
864,124-31-1458,A,Yangon
865,176-78-1170,C,Naypyitaw
866,361-59-0574,B,Mandalay
867,101-81-4070,C,Naypyitaw
868,631-34-1880,C,Naypyitaw
869,852-82-2749,A,Yangon
870,873-14-6353,A,Yangon
871,584-66-4073,C,Naypyitaw
872,544-55-9589,B,Mandalay
873,166-19-2553,A,Yangon
874,737-88-5876,A,Yangon
875,154-87-7367,C,Naypyitaw
876,885-56-0389,C,Naypyitaw
877,608-05-3804,B,Mandalay
878,448-61-3783,A,Yangon
879,761-49-0439,B,Mandalay
880,490-95-0021,B,Mandalay
881,115-38-7388,C,Naypyitaw
882,311-13-6971,B,Mandalay
883,291-55-6563,A,Yangon
884,548-48-3156,A,Yangon
885,460-93-5834,A,Yangon
886,325-89-4209,A,Yangon
887,884-80-6021,A,Yangon
888,137-74-8729,C,Naypyitaw
889,880-46-5796,A,Yangon
890,389-70-2397,C,Naypyitaw
891,114-35-5271,B,Mandalay
892,607-76-6216,C,Naypyitaw
893,715-20-1673,B,Mandalay
894,811-35-1094,B,Mandalay
895,699-88-1972,B,Mandalay
896,781-84-8059,C,Naypyitaw
897,409-49-6995,C,Naypyitaw
898,725-54-0677,C,Naypyitaw
899,146-09-5432,A,Yangon
900,377-79-7592,C,Naypyitaw
901,509-10-0516,B,Mandalay
902,595-94-9924,A,Yangon
903,865-41-9075,A,Yangon
904,545-07-8534,C,Naypyitaw
905,118-62-1812,C,Naypyitaw
906,450-42-3339,C,Naypyitaw
907,851-98-3555,B,Mandalay
908,186-71-5196,A,Yangon
909,624-01-8356,B,Mandalay
910,313-66-9943,B,Mandalay
911,151-27-8496,C,Naypyitaw
912,453-33-6436,A,Yangon
913,522-57-8364,A,Yangon
914,459-45-2396,A,Yangon
915,717-96-4189,C,Naypyitaw
916,722-13-2115,C,Naypyitaw
917,749-81-8133,A,Yangon
918,777-67-2495,B,Mandalay
919,636-98-3364,B,Mandalay
920,246-55-6923,C,Naypyitaw
921,181-82-6255,B,Mandalay
922,838-02-1821,C,Naypyitaw
923,887-42-0517,C,Naypyitaw
924,457-12-0244,C,Naypyitaw
925,226-34-0034,B,Mandalay
926,321-49-7382,B,Mandalay
927,397-25-8725,A,Yangon
928,431-66-2305,B,Mandalay
929,825-94-5922,B,Mandalay
930,641-62-7288,B,Mandalay
931,756-93-1854,C,Naypyitaw
932,243-55-8457,A,Yangon
933,458-10-8612,C,Naypyitaw
934,501-61-1753,B,Mandalay
935,235-06-8510,C,Naypyitaw
936,433-08-7822,C,Naypyitaw
937,361-85-2571,A,Yangon
938,131-70-8179,A,Yangon
939,500-02-2261,C,Naypyitaw
940,720-72-2436,A,Yangon
941,702-83-5291,C,Naypyitaw
942,809-69-9497,A,Yangon
943,449-16-6770,A,Yangon
944,333-23-2632,A,Yangon
945,489-82-1237,A,Yangon
946,859-97-6048,C,Naypyitaw
947,676-10-2200,B,Mandalay
948,373-88-1424,C,Naypyitaw
949,365-16-4334,B,Mandalay
950,503-21-4385,B,Mandalay
951,305-89-2768,B,Mandalay
952,574-80-1489,B,Mandalay
953,784-08-0310,C,Naypyitaw
954,200-40-6154,B,Mandalay
955,846-10-0341,A,Yangon
956,577-34-7579,C,Naypyitaw
957,430-02-3888,B,Mandalay
958,867-47-1948,C,Naypyitaw
959,384-59-6655,A,Yangon
960,256-58-3609,C,Naypyitaw
961,324-92-3863,A,Yangon
962,593-08-5916,A,Yangon
963,364-34-2972,C,Naypyitaw
964,794-42-3736,B,Mandalay
965,172-42-8274,B,Mandalay
966,558-60-5016,A,Yangon
967,195-06-0432,A,Yangon
968,605-03-2706,A,Yangon
969,214-30-2776,B,Mandalay
970,746-04-1077,B,Mandalay
971,448-34-8700,B,Mandalay
972,452-04-8808,B,Mandalay
973,531-56-4728,A,Yangon
974,744-82-9138,C,Naypyitaw
975,883-69-1285,B,Mandalay
976,221-25-5073,A,Yangon
977,518-71-6847,B,Mandalay
978,156-20-0370,B,Mandalay
979,151-33-7434,B,Mandalay
980,728-47-9078,C,Naypyitaw
981,809-46-1866,A,Yangon
982,139-32-4183,A,Yangon
983,148-41-7930,C,Naypyitaw
984,189-40-5216,C,Naypyitaw
985,374-38-5555,B,Mandalay
986,764-44-8999,B,Mandalay
987,552-44-5977,B,Mandalay
988,267-62-7380,C,Naypyitaw
989,430-53-4718,B,Mandalay
990,886-18-2897,A,Yangon
991,602-16-6955,B,Mandalay
992,745-74-0715,A,Yangon
993,690-01-6631,B,Mandalay
994,652-49-6720,C,Naypyitaw
995,233-67-5758,C,Naypyitaw
996,303-96-2227,B,Mandalay
997,727-02-1313,A,Yangon
998,347-56-2442,A,Yangon
999,849-09-3807,A,Yangon
